order_count,avg_processing_time,avg_delivery_days,total_sales,avg_order_value,on_time_delivery_rate
797.4379310344826,0.41633952642752753,10.93576005178689,227604.28135632182,313.7887674873628,96.03072590962938
438333.99999999994,0.5554573706605263,15.158595405204496,788378328.75,1798.5790031117824,89.7926423240158
30.940251572327043,0.5813980411356185,21.523648042740092,7561.959276729613,254.69242073231857,44.19916565858655
