cluster,performance,count,percentage,avg_sales,avg_processing_time,avg_order_count
0,High,879,30.010242403550702,1184699.9264846414,0.05801385380586478,1509.8623435722411
1,Medium,1171,39.9795151928986,230122.6241588386,0.4888041743311105,734.3048676345004
2,Low,879,30.010242403550702,84192.6938225256,0.7380003786013066,389.5858930602958
