original_cluster,performance_level,count,percentage,avg_score
2.0,High Performer,1,0.04038772213247173,84.96139300075174
0.0,Medium Performer,2259,91.23586429725363,50.457404465305714
1.0,Low Performer,216,8.723747980613894,25.501233022146025
