cluster,performance,count,percentage,avg_sales,avg_processing_time,avg_order_count
1,High,1,0.04038772213247173,137706838.45,0.6147951699499107,77543.0
0,Medium,2475,99.95961227786752,46730.490553535354,0.4327058251307961,163.8949494949495
