on_time_delivery_rate,avg_delivery_days,avg_processing_time
76.28553511705685,5.443080781830382,0.43634342786466424
