on_time_delivery_rate,avg_delivery_days,avg_processing_time
92.29299873036933,12.701024615783657,0.4345985119625201
