product_category,category,avg_monthly_demand,safety_stock,reorder_point,next_month_forecast,forecast_demand,growth_rate,lead_time_days,days_between_orders,avg_item_cost
toys,toys,15018.91304347826,7558.336323626107,10312.140662528414,1501.891304347826,1501.891304347826,-90.0,5.500673046571983,0.8213779560161072,547.8351552969444
health_beauty,health_beauty,1776.952380952381,728.1285689928411,1056.323631088667,1405.146773160986,1405.146773160986,-20.923780050432242,5.540864216967798,4.761043065262324,137.81436166791727
computers_accessories,computers_accessories,1208.095238095238,928.3020447008074,1149.2917225190026,1285.1194559507255,1285.1194559507255,6.37567431992604,5.487721601318997,4.68288754295628,209.52982853764289
garden_tools,garden_tools,1002.9,706.1983420242336,895.6771577263942,100.29,100.29,-90.0,5.667927481368845,1.7331372837153094,1842.6842586499151
watches_gifts,watches_gifts,573.75,596.9701033985215,699.9205761222869,353.9910792722777,353.9910792722777,-38.30220840570323,5.383031253530218,5.655570914463081,302.48154596949894
