category,arima_params,avg_historical_demand,forecast_demand,min_forecast,max_forecast,growth_rate,mae,rmse,mape
toys,"(3,2,0)",15018.652173913044,,,,,11144.540914165042,13618.906696437181,
health_beauty,"(0,2,1)",1776.952380952381,,,,,240.9011715228737,297.6245482145397,
computers_accessories,"(1,2,1)",1208.095238095238,,,,,2000.3939361490818,2229.590652804057,
garden_tools,"(2,2,0)",1002.9,,,,,2670.5143697534772,2809.697801160052,854.3846400856744
watches_gifts,"(0,2,1)",573.75,,,,,4106.159095270579,4700.192650029266,908.1481632964117
