order_count,avg_processing_time,avg_delivery_days,total_sales,avg_order_value,on_time_delivery_rate
207.6340314136126,0.283803858269683,5.083282550810717,59205.06729319371,305.0970405426871,86.70289848881313
77543.0,0.6147951699499107,5.621514022715473,137706838.45,1775.8771062507253,72.45786208942135
16.03362831858408,0.9360735361126122,6.603411471077374,4559.797504424772,307.5270489965657,41.118901716450644
