on_time_delivery_rate,avg_delivery_days,avg_processing_time
76.40050167224081,5.450735109268403,0.43634342786466424
