product_category,avg_monthly_demand,safety_stock,reorder_point,next_month_forecast
toys,15018.91304347826,7509.45652173913,11013.86956521739,
health_beauty,1776.952380952381,888.4761904761905,1303.0984126984126,
computers_accessories,1208.095238095238,604.047619047619,885.936507936508,
garden_tools,1002.9,501.45,735.46,
watches_gifts,573.75,286.875,420.75,
