product_category,avg_monthly_demand,safety_stock,reorder_point,next_month_forecast
toys,15018.91304347826,10513.239130434782,14017.652173913042,
health_beauty,1776.952380952381,1029.9450216487517,1444.567243870974,
computers_accessories,1208.095238095238,845.6666666666666,1127.5555555555557,
garden_tools,1002.9,702.03,936.04,
watches_gifts,573.75,401.625,535.5,
