product_category,category,avg_monthly_demand,safety_stock,reorder_point,next_month_forecast,forecast_demand,growth_rate,lead_time_days,days_between_orders,avg_item_cost
toys,toys,15018.91304347826,7553.374365742966,10303.564211891651,1501.891304347826,1501.891304347826,-90.0,5.493453164394439,0.8213779560161072,547.8351552969444
health_beauty,health_beauty,1776.952380952381,720.6615440382235,1042.159780737224,1405.146773160986,1405.146773160986,-20.923780050432242,5.427802795593589,4.761043065262324,137.81436166791727
computers_accessories,computers_accessories,1208.095238095238,921.0022041502538,1138.5299772065441,1285.1194559507255,1285.1194559507255,6.37567431992604,5.401753922958728,4.68288754295628,209.52982853764289
garden_tools,garden_tools,1002.9,696.2263889468985,880.3918713157257,100.29,100.29,-90.0,5.508988404691211,1.7331372837153094,1842.6842586499151
watches_gifts,watches_gifts,573.75,600.6601477039867,704.8872870944188,353.9910792722777,353.9910792722777,-38.30220840570323,5.449785066166384,5.655570914463081,302.48154596949894
